{"perceptual": {"com_u": 0.38594526393143735, "com_range": 0.18849324426945113, "mass_jnd": 0.8119443564822053, "dist_jnd": 0.5570279852631697, "distance_u": 0.19940181312868038}, "ind_strategies": {"S078": {"model": "learnbene", "strat_params": {"smp": 7.184856468430519e-09, "sp": 0.9999999928149091, "guess": 2.3442186656945496e-13}, "llh": 137.55351096474422}, "S079": {"model": "learnbene", "strat_params": {"smp": 8.228272897170331e-08, "sp": 0.9999999176972089, "guess": 2.0062224261021926e-11}, "llh": 149.1159907275937}, "S080": {"model": "learnbene", "strat_params": {"smp": 5.4332993918352475e-08, "sp": 0.9999999259741315, "guess": 1.9692874675802116e-08}, "llh": 152.03370998347035}, "S081": {"model": "learnbene", "strat_params": {"smp": 0.7080405851201962, "sp": 0.29195938266266586, "guess": 3.2217138040313945e-08}, "llh": 89.31804376816392}, "S082": {"model": "learnbene", "strat_params": {"smp": 1.3520693464654073e-08, "sp": 0.6666666531333612, "guess": 0.3333333333333333}, "llh": 166.2897751005801}, "S083": {"model": "learnbene", "strat_params": {"smp": 0.23951820714843264, "sp": 0.7604816925563583, "guess": 1.0029520899327142e-07}, "llh": 134.3598256385446}, "S084": {"model": "learnbene", "strat_params": {"smp": 0.07480968522240412, "sp": 0.5918569813186284, "guess": 0.3333333333333333}, "llh": 173.55939463878707}, "S085": {"model": "learnbene", "strat_params": {"smp": 0.04721415518500399, "sp": 0.6194525112802548, "guess": 0.3333333333333333}, "llh": 177.4704160635255}, "S086": {"model": "learnbene", "strat_params": {"smp": 4.090480782432077e-08, "sp": 0.99999995870597, "guess": 3.892222385275605e-10}, "llh": 135.9345544882658}, "S087": {"model": "learnbene", "strat_params": {"smp": 2.437281011313318e-08, "sp": 0.999999975626076, "guess": 1.1138841613139648e-12}, "llh": 130.9096469740005}, "S088": {"model": "learnbene", "strat_params": {"smp": 0.6861283323688191, "sp": 0.31387155849561155, "guess": 1.0913556945576796e-07}, "llh": 94.31281906727152}, "S089": {"model": "learnbene", "strat_params": {"smp": 7.375815685268639e-08, "sp": 0.9999999261759965, "guess": 6.584666564205744e-11}, "llh": 140.64415894968835}, "S090": {"model": "learnbene", "strat_params": {"smp": 0.2766860394348561, "sp": 0.7233136475539129, "guess": 3.130112310296664e-07}, "llh": 134.1653755077734}, "S091": {"model": "learnbene", "strat_params": {"smp": 4.748296766436755e-09, "sp": 0.9999999952284718, "guess": 2.3231332965042253e-11}, "llh": 159.37929069175826}, "S092": {"model": "learnbene", "strat_params": {"smp": 0.17652965872142207, "sp": 0.8234701659728959, "guess": 1.7530568191302542e-07}, "llh": 132.50591853887238}, "S093": {"model": "learnbene", "strat_params": {"smp": 1.1447166361280162e-13, "sp": 0.6666666715372983, "guess": 0.33333332846258723}, "llh": 156.0802077384309}, "S094": {"model": "learnbene", "strat_params": {"smp": 6.271492539331927e-08, "sp": 0.9999999370724082, "guess": 2.1266638822556702e-10}, "llh": 147.0079768470396}, "S095": {"model": "learnbene", "strat_params": {"smp": 0.5745945832042921, "sp": 0.09207208341069355, "guess": 0.3333333333333333}, "llh": 132.9901558473313}, "S096": {"model": "learnbene", "strat_params": {"smp": 5.725566587121609e-08, "sp": 0.9999999427392573, "guess": 5.076828283794358e-12}, "llh": 153.55118657397156}, "S097": {"model": "learnbene", "strat_params": {"smp": 3.616078897738409e-08, "sp": 0.9999999638164101, "guess": 2.2800918138033902e-11}, "llh": 128.60136127054867}, "S098": {"model": "learnbene", "strat_params": {"smp": 0.9999998565561278, "sp": 1.3910873338321982e-07, "guess": 4.335138776436123e-09}, "llh": 12.247104442011858}, "S099": {"model": "learnbene", "strat_params": {"smp": 1.0805761144329856e-08, "sp": 0.9999999891742336, "guess": 2.0005278900584525e-11}, "llh": 142.50104592019824}, "S100": {"model": "learnbene", "strat_params": {"smp": 1.3532371051108916e-09, "sp": 0.9999999986381173, "guess": 8.645614336875366e-12}, "llh": 131.57417343207015}, "S101": {"model": "learnbene", "strat_params": {"smp": 0.46353468615002896, "sp": 0.5364652476545235, "guess": 6.619544756265292e-08}, "llh": 126.4546825163192}, "S103": {"model": "learnbene", "strat_params": {"smp": 2.137425123927084e-09, "sp": 0.9999999978624106, "guess": 1.6435859193882425e-13}, "llh": 143.5229510310507}, "S104": {"model": "learnbene", "strat_params": {"smp": 0.15252787866247797, "sp": 0.8474719409632842, "guess": 1.8037423789765615e-07}, "llh": 139.71448179310775}, "S105": {"model": "learnbene", "strat_params": {"smp": 0.677745889959779, "sp": 0.32225407015248075, "guess": 3.988774030296852e-08}, "llh": 95.13872231744712}, "S106": {"model": "learnbene", "strat_params": {"smp": 1.1227724953239288e-07, "sp": 0.9999998876966556, "guess": 2.609481097147317e-11}, "llh": 134.5910637436513}, "S107": {"model": "learnbene", "strat_params": {"smp": 4.320041922160771e-08, "sp": 0.9999999567603867, "guess": 3.9194084775533815e-11}, "llh": 143.33023279567732}, "S108": {"model": "learnbene", "strat_params": {"smp": 0.1840349946488191, "sp": 0.8159649995637787, "guess": 5.787402282207735e-09}, "llh": 187.52497798110934}, "S109": {"model": "learnbene", "strat_params": {"smp": 0.05549807175293516, "sp": 0.611168594876068, "guess": 0.3333333333333333}, "llh": 170.38990358814536}, "S110": {"model": "learnbene", "strat_params": {"smp": 4.7671567351952846e-08, "sp": 0.9999999523250496, "guess": 3.3829434429742672e-12}, "llh": 133.89693330176206}, "S111": {"model": "learnbene", "strat_params": {"smp": 6.418959680273204e-08, "sp": 0.9999999357779824, "guess": 3.24207708572651e-11}, "llh": 148.5045409749356}, "S112": {"model": "learnbene", "strat_params": {"smp": 0.23018155119521455, "sp": 0.769818442213663, "guess": 6.591122325273077e-09}, "llh": 146.7544533266986}, "S113": {"model": "learnbene", "strat_params": {"smp": 0.26923640662476706, "sp": 0.5446679117204095, "guess": 0.18609568165482354}, "llh": 145.4729400874489}, "S114": {"model": "learnbene", "strat_params": {"smp": 0.1849692942753614, "sp": 0.8150305701146777, "guess": 1.3560996076799892e-07}, "llh": 143.4065488141817}, "S115": {"model": "learnbene", "strat_params": {"smp": 2.048192381020454e-08, "sp": 0.9999999795158726, "guess": 2.2036166789881047e-12}, "llh": 162.36461191271536}, "S116": {"model": "learnbene", "strat_params": {"smp": 0.18773539107235165, "sp": 0.8122641285995187, "guess": 4.803281295693881e-07}, "llh": 137.89501100588944}, "S117": {"model": "learnbene", "strat_params": {"smp": 3.055035862518748e-07, "sp": 0.7029855475298661, "guess": 0.2970141469665476}, "llh": 157.13583952348057}, "S119": {"model": "learnbene", "strat_params": {"smp": 6.840229669955229e-08, "sp": 0.9999999314441547, "guess": 1.5354864447101408e-10}, "llh": 145.1505744017378}, "S120": {"model": "learnbene", "strat_params": {"smp": 1.1624220521119534e-07, "sp": 0.9999998837577849, "guess": 9.886068127631024e-15}, "llh": 140.79895533403993}, "S122": {"model": "learnbene", "strat_params": {"smp": 0.5219966647855091, "sp": 0.4780033141893969, "guess": 2.1025094004019133e-08}, "llh": 108.20616984961218}, "S123": {"model": "learnbene", "strat_params": {"smp": 0.012442354200764236, "sp": 0.6542243123945033, "guess": 0.3333333333333333}, "llh": 170.1012887195026}, "S124": {"model": "learnbene", "strat_params": {"smp": 0.1514051027781089, "sp": 0.8485948972218912, "guess": 3.242769881512964e-17}, "llh": 146.1098394866921}, "S125": {"model": "learnbene", "strat_params": {"smp": 0.014101453728952459, "sp": 0.6525652128423814, "guess": 0.3333333333333333}, "llh": 167.82615379366337}, "S126": {"model": "learnbene", "strat_params": {"smp": 0.7127803620185638, "sp": 0.22755328579268647, "guess": 0.059666352188749744}, "llh": 94.26240843181645}, "S127": {"model": "learnbene", "strat_params": {"smp": 5.761110945835386e-08, "sp": 0.6666666088981105, "guess": 0.3333333333333333}, "llh": 157.97808375892032}, "S128": {"model": "learnbene", "strat_params": {"smp": 0.4223443796356044, "sp": 0.5776556172822748,