{"perceptual": {"com_u": 0.4459001682686069, "com_range": 0.15584901730889525, "beam_mass_mean": 0.7868394938754745, "com_range_s": 0.2434390472417403, "com_range_vs": 0.16929596407613282, "com_range_m": 0.2849837324450597, "com_range_l": 0.5866462852963051, "mass_jnd": 0.8109804791340566, "dist_jnd": 0.6382979696085623, "distance_u": 0.18937902461129805, "tower_mass_u": 0.3144340791426562}, "strategies": {"smp": 0.3569089550402596, "sp": 0.5588457302547701, "guess": 0.08424531470497024}, "LLH": 11250.048934714898}