{"Beam": [[-2.9270236163254766, "2g", 4, "W"], [2.9270236163254766, "BLOCK", 4, "W"], [-1.2248182843119286, "BLOCK", 1, "B"], [1.2248182843119286, "BLOCK", 1, "B"], [-3.868330687881541, "4d", 1, "I"], [3.868330687881541, "BLOCK", 1, "I"]], "StrutPos": 0, "StrutSize": 1.0}