{"Beam": [[1.4879145068944344, "5e", 6, "W"], [-0.2170261873629643, "5d", 6, "W"], [2.9856397932604946, "BLOCK", 1, "B"], [-1.7147514737290246, "3a", 1, "B"]], "StrutPos": 0.5144071769532141, "StrutSize": 0.25}