{"Beam": [[-2.7093886274179635, "BLOCK", 1, "B"], [2.7093886274179635, "BLOCK", 1, "B"], [-0.5516610014121719, "BLOCK", 1, "W"], [0.5516610014121719, "BLOCK", 1, "W"], [-3.835888938718114, "BLOCK", 2, "W"], [3.835888938718114, "BLOCK", 2, "W"]], "StrutPos": 0, "StrutSize": 1.0}