{"Beam": [[0.39115992413143563, "BLOCK", 1, "I"], [-0.990960606481449, "BLOCK", 1, "I"], [3.863787949699524, "BLOCK", 1, "B"], [-4.463588632049538, "BLOCK", 1, "B"]], "StrutPos": -0.25547066100093163, "StrutSize": 0.25}