{"Beam": [[-1.0922005695954367, "BLOCK", 3, "I"], [1.0922005695954367, "BLOCK", 3, "I"], [-3.900451402004091, "BLOCK", 1, "W"], [3.900451402004091, "BLOCK", 1, "W"]], "StrutPos": 0, "StrutSize": 0.25}