{"Beam": [[1.9313299515339484, "BLOCK", 1, "W"], [-1.9313299515339484, "BLOCK", 1, "W"], [0.9372805388001701, "BLOCK", 2, "B"], [-0.9372805388001701, "BLOCK", 2, "B"]], "StrutPos": 0, "StrutSize": 0.25}