{"Beam": [[-0.1362710845436128, "BLOCK", 4, "I"], [1.2780371476301517, "2d", 4, "I"], [-2.5474558718486824, "3f", 1, "B"], [3.6892219349352215, "BLOCK", 1, "B"]], "StrutPos": 0.5426912768991574, "StrutSize": 1.0}