{"Beam": [[-2.0545988001390874, "5d", 1, "I"], [2.0523865179403726, "BLOCK", 1, "I"], [-3.0070652591342997, "BLOCK", 3, "W"], [3.004852976935585, "4a", 3, "W"], [-4.327718428548576, "2c", 1, "W"], [4.325506146349862, "4b", 1, "W"]], "StrutPos": -0.0009586556194429718, "StrutSize": 1.0}