{"Beam": [[-2.7651098238576655, "BLOCK", 5, "B"], [1.246847996509564, "BLOCK", 5, "B"], [-1.4882392541127252, "BLOCK", 1, "B"], [-0.030022573235376382, "BLOCK", 1, "B"]], "StrutPos": -0.66982139441828, "StrutSize": 0.25}