{"Beam": [[-2.2147043279980956, "BLOCK", 3, "W"], [2.2147043279980956, "3f", 3, "W"]], "StrutPos": 0, "StrutSize": 1.0}