{"Beam": [[-1.7121841800610658, "3d", 2, "I"], [1.5083022275079476, "2f", 2, "I"], [-4.121912305114778, "U", 1, "I"], [3.91803035256166, "5d", 1, "I"], [-2.7651405950683023, "4d", 1, "I"], [2.561258642515184, "3d", 1, "I"], [-0.6845558703837469, "3e", 1, "I"], [0.4806739178306286, "BLOCK", 1, "I"]], "StrutPos": -0.0976030623924502, "StrutSize": 0.25}