{"Beam": [[-3.0359369134340723, "BLOCK", 1, "I"], [3.0359369134340723, "BLOCK", 1, "I"]], "StrutPos": 0, "StrutSize": 0.25}