{"Beam": [[3.903025094769762, "BLOCK", 1, "W"], [-3.903025094769762, "BLOCK", 1, "W"]], "StrutPos": 0, "StrutSize": 1.0}