{"Beam": [[1.4654098706776981, "BLOCK", 1, "W"], [-0.24016195644000682, "BLOCK", 1, "W"], [3.303872721377577, "BLOCK", 1, "W"], [-2.0786248071398856, "BLOCK", 1, "W"], [4.44685143185511, "BLOCK", 4, "W"], [-3.2216035176174183, "BLOCK", 4, "W"]], "StrutPos": 0.45946796783913424, "StrutSize": 1.0}