{"Beam": [[3.3164105592218975, "5a", 3, "I"], [-0.8892720945415489, "2g", 3, "I"], [2.2303873381920836, "BLOCK", 1, "I"], [0.1967511264882651, "BLOCK", 1, "I"], [4.383392355755206, "T", 1, "I"], [-1.9562538910748577, "4c", 1, "I"]], "StrutPos": 1.1619279884108051, "StrutSize": 1.0}