{"Beam": [[1.7121841800610658, "BLOCK", 2, "I"], [-1.5083022275079476, "BLOCK", 2, "I"], [4.121912305114778, "BLOCK", 1, "I"], [-3.91803035256166, "BLOCK", 1, "I"], [2.7651405950683023, "BLOCK", 1, "I"], [-2.561258642515184, "BLOCK", 1, "I"], [0.6845558703837469, "BLOCK", 1, "I"], [-0.4806739178306286, "BLOCK", 1, "I"]], "StrutPos": 0.0976030623924502, "StrutSize": 0.25}