{"Beam": [[-4.4610719437862105, "BLOCK", 1, "W"], [4.4610719437862105, "H", 1, "W"], [-2.330942389846011, "5d", 2, "W"], [2.330942389846011, "BLOCK", 2, "W"]], "StrutPos": 0, "StrutSize": 0.25}