{"Beam": [[-1.944150719949001, "4c", 1, "I"], [2.3817647831276245, "BLOCK", 2, "B"], [-0.2480677108518714, "5e", 1, "W"], [-3.1263007735323076, "BLOCK", 1, "I"]], "StrutPos": -1.2133324013051974, "StrutSize": 0.25}