{"Beam": [[0.7066213837497943, "BLOCK", 1, "B"], [-2.799239959203337, "BLOCK", 4, "W"], [3.772162550975545, "BLOCK", 1, "B"]], "StrutPos": 0, "StrutSize": 1.0}