{"Beam": [[-2.5878947308873452, "4b", 2, "I"], [2.9261760703968105, "BLOCK", 1, "W"], [4.397988490347916, "3d", 3, "B"]], "StrutPos": -0.34986935763823057, "StrutSize": 0.25}