{"Beam": [[1.3922219558655926, "BLOCK", 1, "W"], [-1.546312797543198, "BLOCK", 1, "I"], [-4.185667141039156, "BLOCK", 3, "B"], [2.4398387099898255, "BLOCK", 2, "I"]], "StrutPos": 0, "StrutSize": 1.0}