{"Beam": [[1.5874101033813508, "BLOCK", 5, "I"], [3.7249000868792495, "BLOCK", 2, "W"], [0.5343432186646329, "BLOCK", 1, "W"], [-2.941392520169775, "BLOCK", 3, "I"]], "StrutPos": 0, "StrutSize": 0.25}