{"Beam": [[-3.358416818245305, "2f", 1, "B"], [-2.40292745282698, "BLOCK", 1, "B"], [3.209065592532729, "BLOCK", 3, "B"], [-1.073847918479417, "BLOCK", 1, "I"]], "StrutPos": 0, "StrutSize": 0.25}