{"Beam": [[4.210317283129232, "BLOCK", 3, "W"], [-0.1387325737159495, "BLOCK", 2, "B"], [1.28048206831004, "BLOCK", 1, "W"], [2.8005591808250507, "BLOCK", 1, "W"], [-3.322291632826848, "BLOCK", 2, "I"]], "StrutPos": -1.368216223779382, "StrutSize": 1.0}