{"Beam": [[-1.235025140465844, "3f", 1, "B"], [0.392765869434222, "BLOCK", 1, "I"], [-3.219137560065816, "BLOCK", 2, "W"], [4.307162623723462, "2d", 6, "B"]], "StrutPos": 1.8035844372142673, "StrutSize": 1.0}