{"Beam": [[-4.210317283129232, "5b", 3, "W"], [0.1387325737159495, "2b", 2, "B"], [-1.28048206831004, "BLOCK", 1, "W"], [-2.8005591808250507, "4a", 1, "W"], [3.322291632826848, "3f", 2, "I"]], "StrutPos": 1.368216223779382, "StrutSize": 1.0}