{"Beam": [[-2.245495757608299, "BLOCK", 3, "I"], [-3.9069084256605366, "BLOCK", 1, "I"], [0.7907242956936322, "BLOCK", 1, "I"], [-0.6524503194414627, "BLOCK", 1, "I"]], "StrutPos": -1.6301050948292994, "StrutSize": 0.25}