{"Beam": [[1.1446953777856552, "BLOCK", 3, "W"], [3.2292296518908614, "BLOCK", 1, "W"], [-0.9133553999016464, "BLOCK", 2, "W"], [-1.9535274317258353, "BLOCK", 1, "W"], [2.1469193105229842, "BLOCK", 1, "W"]], "StrutPos": 0.4191664053534736, "StrutSize": 0.25}