{"Beam": [[1.5893931429001937, "BLOCK", 1, "B"], [4.420997373093546, "BLOCK", 1, "B"], [-2.0034635053312466, "5b", 3, "B"]], "StrutPos": 0, "StrutSize": 1.0}