{"Beam": [[-0.5372108664927686, "BLOCK", 2, "B"], [4.3467278021835485, "BLOCK", 3, "B"], [1.1154102185519568, "BLOCK", 1, "B"], [-2.1801953153528446, "BLOCK", 6, "B"]], "StrutPos": 0, "StrutSize": 1.0}