{"Beam": [[1.1935406441028973, "BLOCK", 4, "B"], [-0.5842244769755411, "BLOCK", 1, "B"], [-4.1899380994360484, "BLOCK", 1, "B"]], "StrutPos": 0, "StrutSize": 0.25}