{"Beam": [[2.9728235000749623, "BLOCK", 1, "I"], [-0.3888820592880101, "BLOCK", 2, "I"], [0.9467283223410479, "BLOCK", 1, "I"], [-3.5137423338831146, "BLOCK", 3, "I"]], "StrutPos": -0.9939545325415549, "StrutSize": 1.0}