{"Beam": [[-1.0427257223407218, "BLOCK", 2, "W"], [-2.87028825208393, "BLOCK", 1, "W"], [3.9474307700372284, "BLOCK", 2, "W"]], "StrutPos": 0.3265690937010093, "StrutSize": 1.0}