{"Beam": [[-2.1683638841455726, "BLOCK", 2, "I"], [-3.248990598358051, "3f", 1, "I"], [3.7928591833245986, "2e", 2, "I"]], "StrutPos": 0, "StrutSize": 0.25}