{"Beam": [[0.9664758902069888, "BLOCK", 1, "W"], [2.5941989520095445, "BLOCK", 2, "B"], [4.483760377821307, "BLOCK", 1, "B"], [-2.0625250278470872, "BLOCK", 6, "B"]], "StrutPos": -0.9596936809393917, "StrutSize": 1.0}