{"Beam": [[0.6820126063862362, "2f", 5, "I"], [1.6034525857755701, "BLOCK", 1, "I"], [-4.494734007817837, "3d", 6, "B"]], "StrutPos": 0, "StrutSize": 0.25}