{"Beam": [[-0.9178904932151419, "L", 1, "I"], [-2.169078720712859, "3f", 3, "B"], [1.0255715990412098, "BLOCK", 4, "I"], [2.620219444318787, "BLOCK", 2, "W"], [-4.487054079350109, "2f", 4, "B"]], "StrutPos": 0, "StrutSize": 0.25}