{"Beam": [[-4.372784435635932, "BLOCK", 6, "B"], [2.41450682085262, "4c", 4, "I"]], "StrutPos": 0.5897652479541127, "StrutSize": 0.25}