{"Beam": [[3.3319320568317394, "3a", 1, "I"], [1.4720355018974147, "2a", 2, "W"], [2.3986266965785936, "BLOCK", 1, "W"], [-0.9127064948019896, "BLOCK", 2, "I"]], "StrutPos": 0, "StrutSize": 1.0}