{"Beam": [[-0.6820126063862362, "BLOCK", 5, "I"], [-1.6034525857755701, "BLOCK", 1, "I"], [4.494734007817837, "BLOCK", 6, "B"]], "StrutPos": 0, "StrutSize": 0.25}