{"Beam": [[-0.5538109015991526, "BLOCK", 1, "B"], [-1.5442529157239262, "BLOCK", 1, "W"], [-3.568449759204005, "BLOCK", 1, "I"], [2.021154833433162, "BLOCK", 1, "W"], [1.0503474745098622, "BLOCK", 6, "B"]], "StrutPos": 0, "StrutSize": 1.0}