{"Beam": [[-2.8433445485425084, "BLOCK", 2, "W"], [-4.400508171101835, "BLOCK", 3, "B"], [-0.13160205896165633, "BLOCK", 6, "B"]], "StrutPos": -1.1274599587570902, "StrutSize": 0.25}