{"Beam": [[-0.6406969025644882, "BLOCK", 1, "I"], [-1.8409312129386843, "BLOCK", 1, "B"], [2.4094692331837293, "BLOCK", 3, "I"], [-3.6611283062775066, "BLOCK", 3, "B"]], "StrutPos": 1.1270498859108224, "StrutSize": 1.0}