{"Beam": [[-1.92536225202453, "BLOCK", 2, "I"], [1.4286611671271423, "BLOCK", 4, "I"], [-0.21212263770164408, "2g", 4, "I"], [-4.457818758956106, "BLOCK", 4, "I"]], "StrutPos": -0.8678293733478002, "StrutSize": 0.25}