{"Beam": [[-3.7330644035259044, "BLOCK", 2, "I"], [-1.2438676810668383, "BLOCK", 1, "I"], [-2.537453549751681, "BLOCK", 1, "I"], [1.466714713426724, "BLOCK", 5, "I"]], "StrutPos": 0, "StrutSize": 0.25}