{"Beam": [[-0.6577938573149451, "5c", 3, "I"], [-1.8286093571546007, "BLOCK", 1, "I"], [4.022127277120471, "3c", 2, "I"]], "StrutPos": 0, "StrutSize": 0.25}