{"Beam": [[-2.3355978540691895, "3e", 4, "B"], [-4.305272136818836, "BLOCK", 1, "B"], [1.0556654267075543, "BLOCK", 6, "B"]], "StrutPos": 0, "StrutSize": 1.0}