{"Beam": [[2.5696330234190157, "BLOCK", 1, "B"], [-2.75198640393862, "BLOCK", 2, "B"], [-1.4346213757853437, "BLOCK", 1, "B"], [-0.48211299735817525, "BLOCK", 2, "B"], [4.440993555702562, "2c", 3, "B"]], "StrutPos": 0.023235671805208913, "StrutSize": 1.0}