{"Beam": [[4.467754842464483, "BLOCK", 2, "I"], [3.427545840756657, "BLOCK", 3, "I"], [-2.1635878745941786, "H", 1, "I"], [-1.17721189046736, "BLOCK", 6, "I"]], "StrutPos": 0, "StrutSize": 1.0}