{"Beam": [[-3.13811600940446, "BLOCK", 2, "I"], [-1.5053803870053477, "BLOCK", 1, "I"], [4.4049965944287255, "BLOCK", 2, "I"]], "StrutPos": -0.5775458411726366, "StrutSize": 1.0}