{"Beam": [[-3.639344255776731, "3f", 2, "B"], [-2.1238885328786887, "BLOCK", 1, "B"], [1.1551515246024717, "BLOCK", 4, "B"]], "StrutPos": -0.18933219226314835, "StrutSize": 0.25}