{"Beam": [[-0.7660533901425121, "BLOCK", 1, "B"], [1.7883383550730139, "4a", 1, "I"], [3.0439895391845324, "BLOCK", 1, "I"], [4.452199934275763, "BLOCK", 1, "B"], [-2.8544289273451326, "3f", 5, "I"]], "StrutPos": 0.02418055180012857, "StrutSize": 1.0}