{"Beam": [[-0.559173652531137, "5e", 1, "W"], [2.0938470398933613, "U", 1, "B"], [3.2354611448421795, "BLOCK", 1, "B"], [1.0116394963904254, "BLOCK", 2, "W"], [-1.8161070418836145, "2f", 5, "B"]], "StrutPos": 0, "StrutSize": 0.25}