{"Beam": [[0.27808883066137735, "BLOCK", 5, "B"], [4.40880922117894, "BLOCK", 2, "I"], [-2.326795592240667, "BLOCK", 1, "I"]], "StrutPos": 1.6688125379492504, "StrutSize": 0.25}