{"Beam": [[-1.2869618707788741, "BLOCK", 1, "W"], [-2.230583960453879, "BLOCK", 2, "W"], [-4.158933990947237, "BLOCK", 1, "B"], [-3.1341321761294925, "BLOCK", 1, "I"], [2.7602284567934863, "BLOCK", 2, "I"]], "StrutPos": 0, "StrutSize": 0.25}