{"Beam": [[-4.405491928450125, "BLOCK", 2, "W"], [3.0686723435909364, "BLOCK", 3, "B"]], "StrutPos": 0, "StrutSize": 1.0}