{"Beam": [[2.283446039297106, "BLOCK", 2, "W"], [-4.372120384030996, "BLOCK", 3, "W"], [3.319826326666519, "BLOCK", 1, "I"]], "StrutPos": 0, "StrutSize": 1.0}