{"Beam": [[-1.0948701937523293, "Th", 1, "B"], [3.1987247382974924, "3b", 5, "W"], [4.404313356737578, "BLOCK", 1, "I"], [-3.4568231698411505, "BLOCK", 4, "I"]], "StrutPos": 0.3326356873149616, "StrutSize": 1.0}