{"Beam": [[0.2528876474617121, "3b", 4, "I"], [-2.770693375230451, "BLOCK", 1, "W"], [2.02728794473843, "4a", 3, "B"], [3.84006233449271, "BLOCK", 1, "W"], [2.9330511875391636, "BLOCK", 1, "I"]], "StrutPos": 1.1204383052603437, "StrutSize": 0.25}