{"Beam": [[-3.9318129990590123, "BLOCK", 1, "W"], [-2.6082892297888627, "BLOCK", 1, "W"], [-1.232937197662796, "BLOCK", 1, "W"], [2.968427266942022, "BLOCK", 5, "W"]], "StrutPos": 0, "StrutSize": 1.0}