{"Beam": [[4.381928890814191, "5a", 2, "W"], [2.704329388882259, "BLOCK", 1, "W"], [-3.455522724433101, "BLOCK", 4, "W"]], "StrutPos": 0, "StrutSize": 0.25}