{"Beam": [[-0.29990120362595296, "BLOCK", 2, "B"], [1.1160502326100192, "BLOCK", 1, "B"], [-2.199240789242756, "BLOCK", 1, "B"], [-4.184157016606093, "BLOCK", 4, "B"], [2.372499048840858, "BLOCK", 3, "B"]], "StrutPos": -1.1216994509140386, "StrutSize": 0.25}