{"Beam": [[3.5059139868656377, "5c", 3, "B"], [-2.47135544862732, "BLOCK", 4, "B"]], "StrutPos": 0.8302904113180385, "StrutSize": 1.0}