{"Beam": [[0.6852524180013483, "BLOCK", 1, "B"], [-1.2002527866188641, "3d", 3, "B"], [-2.698622909383468, "BLOCK", 1, "B"], [1.742628056503948, "2g", 4, "B"]], "StrutPos": -0.16081563164835577, "StrutSize": 0.25}