{"Beam": [[-1.2565651033930982, "BLOCK", 1, "I"], [4.3404026978746595, "BLOCK", 1, "I"], [2.177326689992257, "BLOCK", 1, "I"], [-3.387221878371483, "BLOCK", 2, "I"]], "StrutPos": 0.2732817681876716, "StrutSize": 1.0}