{"Beam": [[-0.7632700942671375, "BLOCK", 1, "B"], [4.071172934464887, "BLOCK", 1, "B"], [2.916890383187739, "BLOCK", 1, "B"], [-2.7627762896916472, "BLOCK", 4, "B"]], "StrutPos": 0, "StrutSize": 1.0}