{"Beam": [[-2.993139783337784, "BLOCK", 1, "I"], [-3.925981251340761, "BLOCK", 1, "I"], [-1.0946189429824251, "BLOCK", 2, "I"], [2.7762095768694275, "BLOCK", 5, "I"]], "StrutPos": 0, "StrutSize": 0.25}