{"Beam": [[-2.1145144797410946, "2b", 2, "W"], [-0.6199194203845566, "Th", 2, "W"], [-3.637673729755708, "4c", 5, "I"], [3.1173621174288293, "BLOCK", 5, "I"]], "StrutPos": -1.3672169500628257, "StrutSize": 1.0}