{"Beam": [[-1.9454388403195328, "BLOCK", 3, "I"], [3.977091789092411, "BLOCK", 3, "I"], [-0.9780178475209498, "BLOCK", 2, "B"], [0.9780178475209498, "BLOCK", 2, "B"]], "StrutPos": 0, "StrutSize": 1.0}