{"Beam": [[-2.1382934123995314, "BLOCK", 1, "W"], [0.31372876238708436, "BLOCK", 1, "W"], [-3.550365690921787, "BLOCK", 1, "B"], [2.809019622055888, "BLOCK", 1, "B"]], "StrutPos": -0.9122823250062235, "StrutSize": 1.0}