{"Beam": [[1.31461600460139, "BLOCK", 1, "W"], [-1.31461600460139, "BLOCK", 1, "W"], [3.300653012948404, "BLOCK", 1, "I"], [-4.299889006826762, "BLOCK", 1, "I"]], "StrutPos": 0, "StrutSize": 0.25}