{"Beam": [[1.3181772565779606, "BLOCK", 1, "B"], [-1.2135032199156393, "BLOCK", 1, "B"], [2.947307013249693, "BLOCK", 2, "W"], [-3.8073195641697533, "BLOCK", 2, "W"]], "StrutPos": 0.05233701833116067, "StrutSize": 0.25}