{"Beam": [[-3.3745837925315367, "BLOCK", 1, "I"], [4.345921387681586, "BLOCK", 1, "I"], [-2.46981424664243, "BLOCK", 2, "B"], [2.46981424664243, "BLOCK", 2, "B"], [-0.6545302437776566, "BLOCK", 1, "B"], [0.6545302437776566, "BLOCK", 1, "B"]], "StrutPos": 0, "StrutSize": 0.25}