{"Beam": [[-1.531967139915601, "BLOCK", 1, "I"], [-0.020715630004074503, "BLOCK", 1, "I"], [-2.6004334465936774, "2d", 4, "W"], [1.047750676674002, "3b", 4, "W"], [-3.5614969166608486, "5b", 1, "B"], [4.4492286859807155, "4d", 1, "B"]], "StrutPos": -0.7763413849598377, "StrutSize": 0.25}