{"Beam": [[-1.1898753940606581, "BLOCK", 2, "W"], [1.1898753940606581, "BLOCK", 2, "W"], [-2.1165549948558993, "BLOCK", 2, "I"], [3.6961374095258575, "BLOCK", 2, "I"]], "StrutPos": 0, "StrutSize": 1.0}