{"Beam": [[-3.4093661520587153, "BLOCK", 2, "W"], [0.6989333852633828, "BLOCK", 2, "W"]], "StrutPos": -1.9600107757338199, "StrutSize": 1.0}