{"Beam": [[1.0325215141968926, "BLOCK", 2, "W"], [-3.4158047426836236, "BLOCK", 2, "W"]], "StrutPos": 0, "StrutSize": 0.25}