{"Beam": [[-3.468162575913098, "BLOCK", 1, "W"], [2.518102027013553, "BLOCK", 1, "W"]], "StrutPos": -1.2711620164105928, "StrutSize": 1.0}