{"Beam": [[3.426378788411603, "4d", 2, "W"], [-3.218601111117726, "BLOCK", 2, "W"], [1.752702567658726, "BLOCK", 2, "W"], [0.6443946833816033, "4a", 2, "W"]], "StrutPos": 1.1985486255201647, "StrutSize": 0.25}