{"Beam": [[-2.8194392312832988, "BLOCK", 1, "I"], [1.7763461521500554, "BLOCK", 1, "I"]], "StrutPos": -1.6828545200508103, "StrutSize": 0.25}