{"Beam": [[-3.1553678809483823, "BLOCK", 2, "I"], [4.390368838333965, "BLOCK", 2, "I"]], "StrutPos": 0, "StrutSize": 1.0}