{"Beam": [[-0.7223022804124875, "4a", 3, "B"], [3.593320454561968, "BLOCK", 3, "B"]], "StrutPos": 0, "StrutSize": 1.0}