{"Beam": [[-1.540327610448323, "BLOCK", 3, "I"], [1.540327610448323, "BLOCK", 3, "I"], [-2.9960673776093008, "BLOCK", 1, "I"], [4.445375852790275, "BLOCK", 1, "I"]], "StrutPos": 0, "StrutSize": 0.25}