{"Beam": [[1.4115918962748113, "4e", 1, "B"], [-1.4115918962748113, "2f", 2, "B"], [2.676074869108567, "BLOCK", 1, "W"], [-2.676074869108567, "BLOCK", 1, "W"], [3.71595395607684, "BLOCK", 1, "B"], [-3.71595395607684, "BLOCK", 1, "B"]], "StrutPos": 0, "StrutSize": 0.25}