{"Beam": [[-1.5796856602544378, "BLOCK", 1, "W"], [1.5796856602544378, "BLOCK", 1, "W"], [-3.1050638189145983, "L", 2, "B"], [3.1050638189145983, "3b", 2, "B"], [-4.038126920973998, "2c", 1, "I"], [4.038126920973998, "BLOCK", 2, "I"]], "StrutPos": 0, "StrutSize": 1.0}