{"Beam": [[-2.3233893084216124, "BLOCK", 3, "W"], [0.920805262542822, "BLOCK", 3, "W"], [-3.971754338197953, "BLOCK", 1, "B"], [2.5691702923191624, "BLOCK", 2, "B"]], "StrutPos": -0.7012920229393953, "StrutSize": 1.0}