{"Beam": [[-1.854258751066249, "BLOCK", 2, "B"], [1.1267908830848752, "BLOCK", 2, "B"], [-3.884552316168119, "2a", 1, "I"], [3.1570844481867453, "BLOCK", 2, "I"]], "StrutPos": -0.3637339339906869, "StrutSize": 0.25}