{"Beam": [[1.7614975998474725, "2e", 1, "W"], [-1.7614975998474725, "5d", 1, "W"], [4.096853658295277, "2d", 2, "B"], [-4.096853658295277, "BLOCK", 3, "B"]], "StrutPos": 0, "StrutSize": 1.0}