{"Beam": [[-4.229629314116769, "BLOCK", 1, "W"], [4.229629314116769, "BLOCK", 2, "W"], [-3.2394405381573192, "BLOCK", 1, "I"], [3.2394405381573192, "BLOCK", 1, "I"]], "StrutPos": 0, "StrutSize": 0.25}