{"Beam": [[-4.196301417899017, "BLOCK", 1, "W"], [2.3430500077187406, "BLOCK", 1, "W"], [-3.0995480035665532, "BLOCK", 1, "I"], [1.2462965933862766, "4e", 2, "I"]], "StrutPos": -0.9266257050901383, "StrutSize": 1.0}