{"Beam": [[-2.472649107046099, "BLOCK", 2, "B"], [0.9487355187680637, "2g", 3, "B"], [-1.389709938347802, "2f", 1, "I"], [-0.13420364993023337, "BLOCK", 1, "I"], [-3.386881053057222, "BLOCK", 1, "I"], [1.8629674647791865, "3e", 1, "I"]], "StrutPos": -0.7619567941390177, "StrutSize": 0.25}