{"Beam": [[-4.375367279844346, "BLOCK", 1, "W"], [4.375367279844346, "L", 2, "W"]], "StrutPos": 0, "StrutSize": 0.25}