{"Beam": [[4.435201345573827, "BLOCK", 2, "B"], [-4.256211449357458, "BLOCK", 3, "B"], [2.5375660906422497, "BLOCK", 1, "B"], [-2.3585761944258805, "BLOCK", 1, "B"]], "StrutPos": 0.08949494810818459, "StrutSize": 0.25}