{"Beam": [[-3.3193976663724905, "BLOCK", 3, "W"], [0.9659039993860765, "4a", 4, "W"]], "StrutPos": -1.176746833493207, "StrutSize": 1.0}