{"Beam": [[3.4578303380280744, "BLOCK", 1, "B"], [-3.4578303380280744, "BLOCK", 2, "B"]], "StrutPos": 0, "StrutSize": 1.0}