{"Beam": [[1.5983656281660619, "BLOCK", 1, "W"], [-0.30003018242357116, "BLOCK", 2, "W"]], "StrutPos": 0.6491677228712454, "StrutSize": 1.0}