{"Beam": [[-3.094056739746993, "BLOCK", 6, "W"], [3.094056739746993, "BLOCK", 6, "W"], [-4.492498444006629, "BLOCK", 1, "W"], [4.492498444006629, "BLOCK", 2, "W"]], "StrutPos": 0, "StrutSize": 0.25}