{"Beam": [[3.0855046092689435, "BLOCK", 1, "B"], [-3.0855046092689435, "BLOCK", 2, "B"]], "StrutPos": 0, "StrutSize": 1.0}