{"Beam": [[2.4091883542996744, "3b", 5, "B"], [-1.9713232508117997, "3c", 6, "B"], [1.126207621370541, "BLOCK", 1, "B"], [-0.6883425178826663, "U", 1, "B"]], "StrutPos": 0.21893255174393733, "StrutSize": 0.25}