{"Beam": [[1.576001922621189, "BLOCK", 4, "W"], [-4.0610469833367295, "BLOCK", 3, "W"]], "StrutPos": 0, "StrutSize": 0}