{"Beam": [[1.25078369239551, "BLOCK", 1, "W"], [3.2626993567234526, "BLOCK", 2, "W"], [-2.3720701050586426, "BLOCK", 3, "W"], [-0.5512906557285251, "BLOCK", 3, "W"], [4.359848131214052, "BLOCK", 1, "W"]], "StrutPos": 0, "StrutSize": 0}