{"Beam": [[-0.8342666359663564, "BLOCK", 1, "W"], [-3.779109780592706, "BLOCK", 1, "W"], [1.0870503150251327, "BLOCK", 3, "W"]], "StrutPos": 0, "StrutSize": 0}