{"Beam": [[-2.8308231081681448, "BLOCK", 3, "W"], [-1.754055578184989, "BLOCK", 1, "W"], [-0.6905881499805226, "BLOCK", 1, "W"], [-4.322700472398811, "BLOCK", 1, "W"], [3.306202390644643, "BLOCK", 1, "W"], [2.3907222268848227, "BLOCK", 5, "W"]], "StrutPos": 0, "StrutSize": 0}