{"Beam": [[1.3701227540963368, "BLOCK", 3, "W"], [-3.2858063887105926, "BLOCK", 2, "W"], [-4.225121628988798, "BLOCK", 1, "W"], [2.5601196583160504, "BLOCK", 6, "W"]], "StrutPos": 0, "StrutSize": 0}