{"Beam": [[1.0217593882089382, "BLOCK", 1, "W"], [4.261450074468739, "BLOCK", 1, "W"], [-3.289073854896297, "BLOCK", 5, "W"]], "StrutPos": 0, "StrutSize": 0}