{"Beam": [[-0.905598237517844, "BLOCK", 3, "W"], [-3.7977348127879567, "BLOCK", 1, "W"], [2.767736660493864, "BLOCK", 6, "W"]], "StrutPos": 0, "StrutSize": 0}