{"Beam": [[-3.176234165875884, "BLOCK", 1, "W"], [-1.2246021657127493, "BLOCK", 2, "W"], [-4.457309831995744, "BLOCK", 1, "W"], [2.5206870823242817, "BLOCK", 4, "W"]], "StrutPos": 0, "StrutSize": 0}