{"Beam": [[1.8874561418855964, "BLOCK", 1, "W"], [4.423603994525886, "BLOCK", 1, "W"], [3.4603646672384523, "BLOCK", 1, "W"], [-3.257141601216645, "BLOCK", 3, "W"]], "StrutPos": 0, "StrutSize": 0}