{"Beam": [[1.139227672708504, "BLOCK", 1, "W"], [2.1585215873156005, "BLOCK", 1, "W"], [-0.9863575552636958, "BLOCK", 3, "W"], [-4.323164649660067, "BLOCK", 1, "W"], [-2.686767999858213, "BLOCK", 1, "W"], [3.4185143410281618, "BLOCK", 5, "W"]], "StrutPos": 0, "StrutSize": 0}