{"Beam": [[-2.8614501991148273, "BLOCK", 1, "W"], [-1.8231365937937634, "BLOCK", 1, "W"], [1.5076195262621117, "BLOCK", 4, "W"], [2.919511546370966, "BLOCK", 1, "W"], [-3.8657225505209714, "BLOCK", 2, "W"]], "StrutPos": 0, "StrutSize": 0}