{"Beam": [[-1.4282971719442408, "BLOCK", 1, "W"], [2.1637134143977415, "BLOCK", 3, "W"], [4.449802953627646, "BLOCK", 1, "W"], [-3.4929665784385415, "BLOCK", 6, "W"]], "StrutPos": 0, "StrutSize": 0}