{"Beam": [[-1.984726790677025, "BLOCK", 2, "W"], [1.3190371255444568, "BLOCK", 3, "W"], [2.326452259477466, "BLOCK", 1, "W"], [-4.323531461676354, "BLOCK", 1, "W"]], "StrutPos": 0, "StrutSize": 0}