{"Beam": [[4.292851741392064, "BLOCK", 1, "W"], [2.677211013949305, "BLOCK", 1, "W"], [1.6531329106020034, "BLOCK", 1, "W"], [-0.5192921911604684, "BLOCK", 1, "W"], [-1.9656107714392923, "BLOCK", 3, "W"]], "StrutPos": 0, "StrutSize": 0}