{"Beam": [[4.224988776770631, "BLOCK", 1, "W"], [-3.3185215813587767, "BLOCK", 4, "W"]], "StrutPos": 0, "StrutSize": 0}