{"Beam": [[-3.3202526746255048, "BLOCK", 1, "W"], [-1.2986106441992735, "BLOCK", 1, "W"], [0.8620235207095805, "BLOCK", 2, "W"], [2.2258698437316116, "BLOCK", 2, "W"], [-4.425231444543425, "BLOCK", 1, "W"]], "StrutPos": 0, "StrutSize": 0}