{"Beam": [[0.815216974617067, "BLOCK", 1, "W"], [4.12217083427221, "BLOCK", 2, "W"], [2.2811092613316064, "BLOCK", 1, "W"], [-2.633486627742961, "BLOCK", 1, "W"], [-0.6346213390876456, "BLOCK", 1, "W"], [-1.6393603225297664, "BLOCK", 4, "W"]], "StrutPos": 0, "StrutSize": 0}