{"Beam": [[1.8819596068304167, "BLOCK", 2, "W"], [3.0813122411497003, "BLOCK", 1, "W"], [4.149094979176532, "BLOCK", 1, "W"], [-2.078016361169928, "BLOCK", 2, "W"], [-1.1022494621575476, "BLOCK", 4, "W"]], "StrutPos": 0, "StrutSize": 0}