{"Beam": [[-0.8056271254252461, "BLOCK", 1, "W"], [-2.19969845266186, "BLOCK", 1, "W"], [2.464332957888545, "BLOCK", 3, "W"], [-4.387673295578529, "BLOCK", 1, "W"]], "StrutPos": 0, "StrutSize": 0}