{"Beam": [[0.5023292019067052, "BLOCK", 3, "W"], [-3.1763657122772386, "BLOCK", 1, "W"]], "StrutPos": 0, "StrutSize": 0}