{"Beam": [[2.902235271152053, "BLOCK", 2, "W"], [-2.674454343690646, "BLOCK", 3, "W"], [-0.6588244686728242, "BLOCK", 1, "W"], [3.882259856873091, "BLOCK", 1, "W"]], "StrutPos": 0, "StrutSize": 0}