{"Beam": [[-2.2253805997575937, "BLOCK", 1, "W"], [-4.0597795096674, "BLOCK", 1, "W"], [2.1637676243354194, "BLOCK", 4, "W"], [-1.1849551939583423, "BLOCK", 2, "W"]], "StrutPos": 0, "StrutSize": 0}