{"Beam": [[-2.0858575367221817, "BLOCK", 2, "W"], [-0.6654278570040191, "BLOCK", 1, "W"], [3.1816584657519567, "BLOCK", 2, "W"], [0.9835375524382388, "BLOCK", 2, "W"], [4.401355593639895, "BLOCK", 1, "W"], [-3.0407959597425753, "BLOCK", 6, "W"]], "StrutPos": 0, "StrutSize": 0}