{"Beam": [[-4.48548864588637, "BLOCK", 2, "W"], [-2.3592147859141317, "BLOCK", 1, "W"], [3.7767306925622908, "BLOCK", 3, "W"]], "StrutPos": 0, "StrutSize": 0}