{"Beam": [[-3.7491120349260654, "BLOCK", 1, "W"], [2.535420875246249, "BLOCK", 4, "W"], [0.5902755921256708, "BLOCK", 1, "W"], [-1.7457117645461504, "BLOCK", 4, "W"]], "StrutPos": 0, "StrutSize": 0}