{"Beam": [[-2.4763697655367136, "BLOCK", 3, "W"], [-3.8555194060848623, "BLOCK", 1, "W"], [1.861493677291413, "BLOCK", 2, "W"], [3.780820674056089, "BLOCK", 2, "W"]], "StrutPos": 0, "StrutSize": 0}