{"Beam": [[1.1748774604804777, "BLOCK", 4, "W"], [-0.9554302242255419, "BLOCK", 2, "W"], [-2.278942717072556, "BLOCK", 3, "W"], [-4.187308363716868, "BLOCK", 1, "W"], [2.984223188779242, "BLOCK", 6, "W"]], "StrutPos": 0, "StrutSize": 0}