{"Beam": [[-0.9384946274112309, "BLOCK", 1, "W"], [0.6527871332849511, "BLOCK", 5, "W"], [-1.9835920771398818, "BLOCK", 2, "W"]], "StrutPos": 0, "StrutSize": 0}