{"Beam": [[-2.0768538465836444, "BLOCK", 2, "W"], [-0.8492715545027187, "BLOCK", 1, "W"], [1.3114223321025351, "BLOCK", 1, "W"], [4.218394978522771, "BLOCK", 1, "W"], [3.2923391304899643, "BLOCK", 1, "W"], [-3.054593812595697, "BLOCK", 4, "W"]], "StrutPos": 0, "StrutSize": 0}