{"Beam": [[-1.7279556323877876, "BLOCK", 3, "W"], [1.7279556323877874, "BLOCK", 3, "W"]], "StrutPos": 0, "StrutSize": 0}