{"Beam": [[-1.1487902758711868, "BLOCK", 1, "W"], [1.409813267010712, "BLOCK", 2, "W"], [3.819365400972401, "BLOCK", 1, "W"], [-2.575465370977215, "BLOCK", 6, "W"]], "StrutPos": 0, "StrutSize": 0}