{"Beam": [[4.169751528716584, "BLOCK", 1, "W"], [2.2956618440679653, "BLOCK", 1, "W"], [-1.5768051635403473, "BLOCK", 3, "W"], [-0.5815863533460783, "BLOCK", 1, "W"], [-3.254106616095624, "BLOCK", 2, "W"], [3.2316317737816855, "BLOCK", 2, "W"]], "StrutPos": 0, "StrutSize": 0}