{"Beam": [[-2.4068087391056503, "BLOCK", 1, "W"], [-3.987852834798162, "BLOCK", 1, "W"], [-0.8212574975426548, "BLOCK", 1, "W"], [2.5910498011608794, "BLOCK", 6, "W"]], "StrutPos": 0, "StrutSize": 0}