{"Beam": [[1.1141051516671383, "BLOCK", 2, "W"], [3.21692931027234, "BLOCK", 4, "W"], [4.384335756329403, "BLOCK", 1, "W"], [-0.6924881638391507, "BLOCK", 1, "W"], [-3.131295856152315, "BLOCK", 6, "W"]], "StrutPos": 0, "StrutSize": 0}