{"Beam": [[-3.306577107507344, "BLOCK", 1, "W"], [-4.425096997414073, "BLOCK", 1, "W"], [3.436926896721172, "BLOCK", 5, "W"]], "StrutPos": 0, "StrutSize": 0}