{"Beam": [[0.5408999606947189, "BLOCK", 1, "W"], [1.9806570140377957, "BLOCK", 1, "W"], [2.950846722806491, "BLOCK", 2, "W"], [4.1361767140737395, "BLOCK", 1, "W"], [-2.3531814706902185, "BLOCK", 3, "W"], [-1.3295674451133819, "BLOCK", 3, "W"]], "StrutPos": 0, "StrutSize": 0}