{"Beam": [[-1.867408575929518, "BLOCK", 1, "W"], [2.897119454871276, "BLOCK", 1, "W"], [1.5519085411389124, "BLOCK", 1, "W"], [4.138225793118251, "BLOCK", 1, "W"], [-3.177222853110225, "BLOCK", 5, "W"]], "StrutPos": 0, "StrutSize": 0}