{"Beam": [[0.7180796123204543, "BLOCK", 1, "W"], [2.1499650956845984, "BLOCK", 2, "W"], [4.306915035103517, "BLOCK", 1, "W"], [-3.1810827669421315, "BLOCK", 6, "W"]], "StrutPos": 0, "StrutSize": 0}