{"Beam": [[-0.9856095035382126, "BLOCK", 2, "W"], [-4.150654269677546, "BLOCK", 1, "W"], [2.8828852096621094, "BLOCK", 6, "W"]], "StrutPos": 0, "StrutSize": 0}