{"Beam": [[-1.2748041130640333, "BLOCK", 2, "W"], [-4.091350694160155, "BLOCK", 1, "W"], [1.1255530264322193, "BLOCK", 5, "W"]], "StrutPos": 0, "StrutSize": 0}