{"Beam": [[2.3799228537232424, "BLOCK", 1, "W"], [1.1338370474089152, "BLOCK", 2, "W"], [-2.067150650937008, "BLOCK", 1, "W"], [-3.0749483988142274, "BLOCK", 1, "W"], [-0.8821324360514824, "BLOCK", 1, "W"], [-4.388545430006381, "BLOCK", 1, "W"], [3.478126399531681, "BLOCK", 5, "W"]], "StrutPos": 0, "StrutSize": 0}