{"Beam": [[1.6699538869782575, "BLOCK", 1, "W"], [0.6275068879004184, "BLOCK", 5, "W"], [-3.010687445197533, "BLOCK", 3, "W"]], "StrutPos": 0, "StrutSize": 0}